{
  "LiquidAI/LFM2.5-230M": {
    "mix_1B": {
      "bytes_per_token": 3.4913568930605505,
      "split": "val",
      "total_bytes": 17216422,
      "total_tokens": 4931155
    },
    "sft:sft_1B": {
      "bytes_per_token": 2.947575192584863,
      "split": "val",
      "supervised_only": true,
      "total_bytes": 6951299,
      "total_tokens": 2358311
    }
  }
}
